id,country_name,logo
1,Afghanistan,afghanistan.gif
2,Albania,albania.gif
3,Algeria,algeria.gif
4,American Samoa,american_samoa.gif
5,Andorra,andorra.gif
6,Angola,angola.gif
7,Anguilla,anguilla.gif
8,Antigua and Barbuda,antigua_and_barbuda.gif
9,Argentina,argentina.gif
10,Armenia,armenia.gif
11,Aruba,aruba.gif
12,Australia,australia.gif
13,Austria,austria.gif
14,Azerbaijan,azerbaijan.gif
15,Bahrain,bahrain.gif
16,Bangladesh,bangladesh.gif
17,Barbados,barbados.gif
18,Belarus,belarus.gif
19,Belgium,belgium.gif
20,Belize,belize.gif
21,Benin,benin.gif
22,Bermuda,bermuda.gif
23,Bhutan,bhutan.gif
24,Bolivia,bolivia.gif
25,Bonaire Sint Eustatius en Saba,bonaire_sint_eustatius_en_saba.gif
26,Bosnia and Herzegovina,bosnia_and_herzegovina.gif
27,Botswana,botswana.gif
28,Brazil,brazil.gif
29,British Virgin Islands,british_virgin_islands.gif
30,Brunei,brunei.gif
31,Bulgaria,bulgaria.gif
32,Burkina Faso,burkina_faso.gif
33,Burundi,burundi.gif
34,Cabo Verde,cabo_verde.gif
35,Cambodia,cambodia.gif
36,Cameroon,cameroon.gif
37,Canada,canada.gif
38,Cayman Islands,cayman_islands.gif
39,Central African Republic,central_african_republic.gif
40,Chad,chad.gif
41,Chile,chile.gif
42,China,china.gif
43,Christmas Island,christmas_island.gif
44,Colombia,colombia.gif
45,Comoros,comoros.gif
46,Congo (Brazzaville),congo_(brazzaville).gif
47,Congo (Kinshasa),congo_(kinshasa).gif
48,Cook Islands,cook_islands.gif
49,Costa Rica,costa_rica.gif
50,Côte d'Ivoire,côte_d'ivoire.gif
51,Croatia,croatia.gif
52,Cuba,cuba.gif
53,Curaçao,curaçao.gif
54,Cyprus,cyprus.gif
55,Czechia,czechia.gif
56,Denmark,denmark.gif
57,Djibouti,djibouti.gif
58,Dominica,dominica.gif
59,Dominican Republic,dominican_republic.gif
60,Ecuador,ecuador.gif
61,Egypt,egypt.gif
62,El Salvador,el_salvador.gif
63,Equatorial Guinea,equatorial_guinea.gif
64,Eritrea,eritrea.gif
65,Estonia,estonia.gif
66,Ethiopia,ethiopia.gif
67,Falkland Islands (Islas Malvinas),falkland_islands_(islas_malvinas).gif
68,Faroe Islands,faroe_islands.gif
69,Federated States of Micronesia,federated_states_of_micronesia.gif
70,Fiji,fiji.gif
71,Finland,finland.gif
72,France,france.gif
73,French Guiana,french_guiana.gif
74,French Polynesia,french_polynesia.gif
75,Gabon,gabon.gif
76,Gaza Strip,gaza_strip.gif
77,Georgia,georgia.gif
78,Germany,germany.gif
79,Ghana,ghana.gif
80,Gibraltar,gibraltar.gif
81,Greece,greece.gif
82,Greenland,greenland.gif
83,Grenada,grenada.gif
84,Guadeloupe,guadeloupe.gif
85,Guam,guam.gif
86,Guatemala,guatemala.gif
87,Guinea,guinea.gif
88,Guinea-Bissau,guinea-bissau.gif
89,Guyana,guyana.gif
90,Haiti,haiti.gif
91,Honduras,honduras.gif
92,Hong Kong,hong_kong.gif
93,Hungary,hungary.gif
94,Iceland,iceland.gif
95,India,india.gif
96,Indonesia,indonesia.gif
97,Iran,iran.gif
98,Iraq,iraq.gif
99,Ireland,ireland.gif
100,Isle Of Man,isle_of_man.gif
101,Israel,israel.gif
102,Italy,italy.gif
103,Jamaica,jamaica.gif
104,Japan,japan.gif
105,Jersey,jersey.gif
106,Jordan,jordan.gif
107,Kazakhstan,kazakhstan.gif
108,Kenya,kenya.gif
109,Kiribati,kiribati.gif
110,Kosovo,kosovo.gif
111,Kuwait,kuwait.gif
112,Kyrgyzstan,kyrgyzstan.gif
113,Laos,laos.gif
114,Latvia,latvia.gif
115,Lebanon,lebanon.gif
116,Lesotho,lesotho.gif
117,Liberia,liberia.gif
118,Libya,libya.gif
119,Liechtenstein,liechtenstein.gif
120,Lithuania,lithuania.gif
121,Luxembourg,luxembourg.gif
122,Macau,macau.gif
123,Macedonia,macedonia.gif
124,Madagascar,madagascar.gif
125,Malawi,malawi.gif
126,Malaysia,malaysia.gif
127,Maldives,maldives.gif
128,Mali,mali.gif
129,Malta,malta.gif
130,Marshall Islands,marshall_islands.gif
131,Martinique,martinique.gif
132,Mauritania,mauritania.gif
133,Mauritius,mauritius.gif
134,Mayotte,mayotte.gif
135,Mexico,mexico.gif
136,Moldova,moldova.gif
137,Monaco,monaco.gif
138,Mongolia,mongolia.gif
139,Montenegro,montenegro.gif
140,Montserrat,montserrat.gif
141,Morocco,morocco.gif
142,Mozambique,mozambique.gif
143,Myanmar,myanmar.gif
144,Namibia,namibia.gif
145,Nauru,nauru.gif
146,Nepal,nepal.gif
147,Netherlands,netherlands.gif
148,New Caledonia,new_caledonia.gif
149,New Zealand,new_zealand.gif
150,Nicaragua,nicaragua.gif
151,Niger,niger.gif
152,Nigeria,nigeria.gif
153,Niue,niue.gif
154,Norfolk Island,norfolk_island.gif
155,North Korea,north_korea.gif
156,Northern Mariana Islands,northern_mariana_islands.gif
157,Norway,norway.gif
158,Oman,oman.gif
159,Pakistan,pakistan.gif
160,Palau,palau.gif
161,Panama,panama.gif
162,Papua New Guinea,papua_new_guinea.gif
163,Paraguay,paraguay.gif
164,Peru,peru.gif
165,Philippines,philippines.gif
166,Pitcairn Islands,pitcairn_islands.gif
167,Poland,poland.gif
168,Portugal,portugal.gif
169,Puerto Rico,puerto_rico.gif
170,Qatar,qatar.gif
171,Reunion,reunion.gif
172,Romania,romania.gif
173,Russia,russia.gif
174,Rwanda,rwanda.gif
175,Saint Barthelemy,saint_barthelemy.gif
176,Saint Helena Ascension and Tristan da Cunha,saint_helena_ascension_and_tristan_da_cunha.gif
177,Saint Kitts and Nevis,saint_kitts_and_nevis.gif
178,Saint Lucia,saint_lucia.gif
179,Saint Martin,saint_martin.gif
180,Saint Pierre and Miquelon,saint_pierre_and_miquelon.gif
181,Saint Vincent and the Grenadines,saint_vincent_and_the_grenadines.gif
182,Samoa,samoa.gif
183,San Marino,san_marino.gif
184,Sao Tome and Principe,sao_tome_and_principe.gif
185,Saudi Arabia,saudi_arabia.gif
186,Senegal,senegal.gif
187,Serbia,serbia.gif
188,Seychelles,seychelles.gif
189,Sierra Leone,sierra_leone.gif
190,Singapore,singapore.gif
191,Sint Maarten,sint_maarten.gif
192,Slovakia,slovakia.gif
193,Slovenia,slovenia.gif
194,Solomon Islands,solomon_islands.gif
195,Somalia,somalia.gif
196,South Africa,south_africa.gif
197,South Georgia And South Sandwich Islands,south_georgia_and_south_sandwich_islands.gif
198,South Georgia and South Sandwich Islands,south_georgia_and_south_sandwich_islands.gif
199,South Korea,south_korea.gif
200,South Sudan,south_sudan.gif
201,Spain,spain.gif
202,Sri Lanka,sri_lanka.gif
203,Sudan,sudan.gif
204,Suriname,suriname.gif
205,Svalbard,svalbard.gif
206,Swaziland,swaziland.gif
207,Sweden,sweden.gif
208,Switzerland,switzerland.gif
209,Syria,syria.gif
210,Taiwan,taiwan.gif
211,Tajikistan,tajikistan.gif
212,Tanzania,tanzania.gif
213,Thailand,thailand.gif
214,The Bahamas,the_bahamas.gif
215,The Gambia,the_gambia.gif
216,Timor-Leste,timor-leste.gif
217,Togo,togo.gif
218,Tonga,tonga.gif
219,Trinidad and Tobago,trinidad_and_tobago.gif
220,Tunisia,tunisia.gif
221,Turkey,turkey.gif
222,Turkmenistan,turkmenistan.gif
223,Turks and Caicos Islands,turks_and_caicos_islands.gif
224,Tuvalu,tuvalu.gif
225,U.S. Virgin Islands,u.s._virgin_islands.gif
226,Uganda,uganda.gif
227,Ukraine,ukraine.gif
228,United Arab Emirates,united_arab_emirates.gif
229,United Kingdom,united_kingdom.gif
230,United States,united_states.gif
231,Uruguay,uruguay.gif
232,Uzbekistan,uzbekistan.gif
233,Vanuatu,vanuatu.gif
234,Vatican City,vatican_city.gif
235,Venezuela,venezuela.gif
236,Vietnam,vietnam.gif
237,Wallis and Futuna,wallis_and_futuna.gif
238,West Bank,west_bank.gif
239,Yemen,yemen.gif
240,Zambia,zambia.gif
241,Zimbabwe,zimbabwe.gif
